検索ワード,ブックマーク数合計
創作,3231294.5
BL,3101430.0
漫画,3072837.125
創作bl,2960851.5
創作BL,2960851.5
腐,2349513.0
男,2294663.0
男女,2181899.5
創作男女,2137685.5
腐向け,1985490.0
乳首責め,1731401.0
乳首,1654862.5
商業BL,1393039.0
商業,1346673.0
クリ責め,1344926.5
潮吹き,1266999.0
絶頂,1206966.5
揉みしだきたい乳,1044870.5588235294
中出し,1027105.5
エロ,1015035.1
おっぱい,1000858.0
剥けチン,983342.0
ショタ,918193.5
女体化,916342.5
3p,905583.5
ゲイ,875399.0
全裸,869354.5
男の子,867128.0
モブ姦,865624.6666666666
強制絶頂,860976.8888888889
連続絶頂,857362.5
巨根,856958.0
拘束,843209.0
全裸待機,835877.0
セックス,825713.0
後背位,821332.3333333334
レイプ,820741.5
むちむち,815152.0
極上の女体,813941.25
雄っぱい,796216.5
最高,776428.5
アナル,757794.5
背後から胸揉み,727732.5
裸ニーソ,698848.8333333334
調教,698404.75
輪姦,698114.5
ビッチ,692193.5
再録,686354.0
女装,681475.0
クンニ,679173.5
ぱんつ,674157.8
ふたなり,667641.5454545454
百合,666114.75
うごイラ,657540.0
体格差,648851.8333333334
サンプル,642787.0
愛のあるセックス,636630.0
陰毛,635638.375
フェラ,634037.0714285715
ロリ,625767.5
触手,624823.8333333334
男の娘,602943.0
電マ,601376.5
射精,599474.5
巨乳,580638.3333333334
アへ顔,577205.5
アヘ顔,577205.5
尿道責め,562372.0
痴女,558714.4411764706
手マン,555533.5
催眠,545637.5
羞恥,542450.0
異種姦,535858.5
人外,532845.0
キス,525183.0
ところてん,521096.5
断面図,512836.0
バイブ,511972.0714285714
雄尻,506419.6666666667
機械姦,494702.0
痴漢,490666.4
Muscle,489272.0
一カラ,487756.5
女攻め,487696.5
クリトリス,483344.8333333333
事後,482782.3846153846
ホモ,476559.25
露出,475184.6666666667
近親相姦,461879.5
ずらし挿入,461831.4705882353
マッサージ,460602.75
壁尻,454970.5
愛液,452822.5
小スカ,451650.5
カラ一,447541.5
女の子,446645.625
ドM,445416.9285714286
無様エロ,444820.5
緊縛,443252.0
筋肉,443091.5
バック,439075.0909090909
恋愛,433674.0
寝取られ,431559.25
メス男子,430410.75
仰け反り絶頂,426828.75
コンドーム,425864.0
精液ボテ,419190.0
着衣セックス,412167.5
媚薬,404682.5
幼馴染,404053.5
下脱ぎ,403272.26470588235
おしっこ,402556.5
陵辱,398954.5
少年,398574.0
寝バック,398054.0
手コキ,393280.5
乳吸い,392249.25
OL,390961.5
異種和姦,389822.71428571426
男子おっぱい,388872.5
生まれたままの姿(産まれたままの姿)全裸(ヌード),388037.375
ファンタジー,387731.2
オナホ,385814.5
女オナニー,383554.0
眼鏡,379900.0
ピアス,379725.5
破瓜,375437.39130434784
無理矢理,372114.5
ローター,372092.94736842107
着衣,370185.4
性処理,369768.0
おちんちん,368935.25
逆アナル,368856.5
ニーソ,367007.5
男オナニー,360998.5
男性妊娠,359281.5
高校生,356577.0
ボテ腹,354874.5
兄弟,353818.21428571426
膣内射精,352060.6
淫紋,350242.3461538461
アナル舐め,347483.8
ヤンデレ,345969.0
ふた×男,345917.1
目がハート,343474.5
キスハメ,341290.85714285716
腹ボコ,339987.75
凌辱,333579.25
CG集,332651.8461538461
亀頭責め,332451.0
まんこ,332093.5714285714
搾精,331864.5
イチャラブ,325966.0
騎乗位,323490.03846153844
アナル中出し,321352.6666666667
肉便器,317740.2
黒髪,316869.35714285716
乱交,315874.8333333333
学生,315824.0
巨尻,313290.0
ボコォ,310462.0
逆レイプ,309576.0
睡姦,305739.0
獣姦,302594.0
制服,301084.0
男受け,300852.2
くぱぁ,299271.0
新刊サンプル,295876.0
極上の乳,295671.5
褐色,294252.0
搾乳,284920.5
母乳,282088.54545454547
兜合わせ,278624.0
おねショタ,278311.0
貧乳,276154.5
女教師,276044.5
伝説,275182.5
種付けプレス,273300.0714285714
エルフ,272119.8333333333
おじさん,271863.0
イラマチオ,269937.5
ディルド,269682.0
アナルくぱぁ,267666.0
隠姦,266987.3846153846
おっさん,265583.5
リバ,265572.5
くすぐり,263309.5
メイド,261180.75
あばれる乳,261043.5
大量射精,253384.5
青姦,250339.625
告知,250245.0
淫魔,247632.25
快楽堕ち,244280.5
姉弟,239211.2142857143
スーツ,234707.0
睡眠姦,228825.5
宣伝,227514.0
妊夫,227446.5
足コキ,223707.3076923077
おもらし,222900.3
スパンキング,221475.75
gay,219101.5
首絞め,215947.25
落書き,215388.5
フェラチオ,215181.0
ソックス足裏,215049.15384615384
ボールギャグ,212703.13043478262
愛撫,210447.0
スライム,210059.25
処女,209526.5
ブルマ,208383.0
サキュバス,206774.0
常識改変,206556.18181818182
続編希望,205978.0
スク水,203670.0
裸足,203086.61111111112
ペニバン,202576.68181818182
女性上位,202506.33333333334
素股,201263.55555555556
オーク,201096.0
カップル,197878.5
オナニー,197516.5
兄妹,193380.7142857143
美少年,187291.25
猫耳,186225.5
体操服,183109.5
正常位,182992.0
監禁,179393.0
言葉責め,179245.16666666666
失禁,178278.33333333334
童貞,177120.68181818182
シスター,176044.0
射精管理,175762.0
ストッキング,175446.48484848486
援交,173972.31818181818
産卵,173465.5
版権,171744.5
長身女性,171068.0
お仕置き,169967.1
自慰,168636.0
アニメ,167495.0
お漏らし,166605.8
性交,166586.35714285713
デフォルメエロ,165820.35714285713
包茎,165012.0
性転換,164998.0
勃起乳首,164639.0
アナルビーズ,162401.5
男体化,162123.5
吸血鬼,159598.33333333334
男性受け,159044.5
ガニ股,158267.5
女装男子,157108.0
苗床,156372.0
王子,153816.5
original,152154.31818181818
異物挿入,150460.5
貞操帯,149595.2
ピンク,146218.0
ガチムチ,142711.5
腋,141119.0
発情,140367.0
欠損,139568.5
同人誌,139347.5
二次創作,138043.5
ホラー,137535.83333333334
強姦,135564.0
ショタおね,134605.27272727274
拷問,132306.0
寝取り,132086.2
魔法少女,131625.0
汚いおっさん,131151.66666666666
ハメ撮り,130095.04545454546
3DCG,130050.0
コスプレ,124196.33333333333
ブラジャー,121684.94594594593
汁,121268.5
首輪,120633.0
出産,119881.0
メカクレ,119447.25
ポーズ,117612.68181818182
ちっぱい,116121.5
白黒,115669.9
巫女,113851.62068965517
メガネ,112430.5
顔面騎乗,111362.5
ケモ耳,110670.5
授乳手コキ,109829.375
girl,107308.0
口内射精,106812.58823529411
触手姦,106370.5
スパッツ,101745.0
褌,101272.5
寝取らせ,100964.42857142857
美女,98640.23076923077
擬人化,97332.6
飲尿,95494.4375
おしっこ我慢,95152.5
人外娘,91160.31578947368
足こちょ,89012.625
竜娘,85660.5
ランジェリー,81620.8
魔王,80757.75
へそ責め,79100.1
dog,77230.75
仕事絵,75552.0
目隠し,67233.42857142858
風俗,65652.5
撮影,64985.357142857145
つるまんさいこう,62787.33333333333
ai少女,61678.0
描いてもいいのよ,59309.0
モンスター娘,58438.0
うちのこ,55568.833333333336
前から見えるお尻,52766.0
顔射,46438.0
SEX,45580.76470588235
片足パンツ,43854.444444444445
状態変化,41769.0
捕食,30499.35714285714
母娘,30375.5
レズレイプ,27550.5
女子高生,26108.0
ショートカット,25474.5
spanking,18450.882352941175
誘拐,4903.6
処女喪失,3537.0
母子相姦,0.0
タイツ,0.0
戦闘員,0.0
魅惑の谷間,0.0
着衣巨乳,0.0
裸足裏,0.0
